step,projection
0,15.712575912475586
1,14.975948333740234
2,13.405570983886719
3,16.055152893066406
4,12.844085693359375
5,17.775798797607422
6,8.8333740234375
7,12.163934707641602
8,11.180093765258789
9,11.272546768188477
10,1.3042206764221191
11,5.895417213439941
12,21.153812408447266
13,11.459434509277344
14,10.812322616577148
