step,projection
0,-20.26531982421875
1,-19.71793556213379
2,-21.435514450073242
3,-18.555578231811523
4,-18.878314971923828
5,-16.908172607421875
6,-20.387313842773438
7,-19.73902130126953
8,-18.589540481567383
9,-21.560712814331055
10,-19.405353546142578
11,-20.627742767333984
12,-16.366975784301758
13,-21.11107635498047
14,-20.112985610961914
