step,projection
0,-19.556415557861328
1,-20.67658233642578
2,-22.696531295776367
3,-19.151229858398438
4,-21.044811248779297
5,-20.986042022705078
6,-20.239789962768555
7,-21.24158477783203
8,-20.05144500732422
9,-19.3398494720459
10,-21.719024658203125
11,-18.45947265625
12,-18.553247451782227
13,-20.140836715698242
14,-19.923992156982422
