step,projection
0,14.466196060180664
1,10.639817237854004
2,12.478414535522461
3,9.509614944458008
4,13.029640197753906
5,13.951171875
6,12.145000457763672
7,13.28344440460205
8,10.652987480163574
9,2.3777270317077637
10,9.935378074645996
11,11.298643112182617
12,10.276681900024414
13,6.221856117248535
14,15.917963981628418
