step,projection
0,-18.582035064697266
1,-21.14902687072754
2,-19.716224670410156
3,-20.856609344482422
4,-18.14288330078125
5,-14.087953567504883
6,-18.418535232543945
7,-19.782028198242188
8,-18.963197708129883
9,-23.450031280517578
10,-20.475027084350586
11,-20.772079467773438
12,-20.96601676940918
13,-22.094018936157227
14,-17.462940216064453
