step,projection
0,-17.09469985961914
1,-21.555871963500977
2,-10.709391593933105
3,-20.946767807006836
4,-18.27994155883789
5,-17.44057846069336
6,-21.783639907836914
7,-18.824350357055664
8,-18.366655349731445
9,-20.732860565185547
10,-15.107342720031738
11,-18.234939575195312
12,-19.398021697998047
13,-17.82671356201172
14,-18.06485366821289
