step,projection
0,14.915802001953125
1,11.566343307495117
2,27.361066818237305
3,13.025537490844727
4,17.866474151611328
5,16.78020477294922
6,12.186176300048828
7,13.986769676208496
8,16.763652801513672
9,12.6754150390625
10,20.037765502929688
11,18.328998565673828
12,11.385848999023438
13,16.587615966796875
14,9.94726848602295
