step,projection
0,-19.716224670410156
1,-20.772079467773438
2,-18.14288330078125
3,-14.087953567504883
4,-18.963197708129883
5,-18.418535232543945
6,-23.450031280517578
7,-21.14902687072754
8,-20.475027084350586
9,-22.094018936157227
10,-20.96601676940918
11,-17.462940216064453
12,-20.856609344482422
13,-18.582035064697266
14,-19.782028198242188
