step,projection
0,12.478414535522461
1,11.298643112182617
2,13.029640197753906
3,13.951171875
4,10.652987480163574
5,12.145000457763672
6,2.3777270317077637
7,10.639817237854004
8,9.935378074645996
9,6.221856117248535
10,10.276681900024414
11,15.917963981628418
12,9.509614944458008
13,14.466196060180664
14,13.28344440460205
