step,projection
0,-17.09469985961914
1,-17.82671356201172
2,-20.732860565185547
3,-20.946767807006836
4,-18.366655349731445
5,-21.555871963500977
6,-18.06485366821289
7,-17.44057846069336
8,-10.709391593933105
9,-18.234939575195312
10,-19.398021697998047
11,-15.107342720031738
12,-18.824350357055664
13,-18.27994155883789
14,-21.783639907836914
