step,projection
0,14.915802001953125
1,16.587615966796875
2,12.6754150390625
3,13.025537490844727
4,16.763652801513672
5,11.566343307495117
6,9.94726848602295
7,16.78020477294922
8,27.361066818237305
9,18.328998565673828
10,11.385848999023438
11,20.037765502929688
12,13.986769676208496
13,17.866474151611328
14,12.186176300048828
