step,projection
0,-20.112985610961914
1,-16.908172607421875
2,-20.387313842773438
3,-20.627742767333984
4,-21.11107635498047
5,-21.560712814331055
6,-16.366975784301758
7,-20.26531982421875
8,-18.589540481567383
9,-18.878314971923828
10,-18.555578231811523
11,-19.71793556213379
12,-21.435514450073242
13,-19.405353546142578
14,-19.73902130126953
