step,projection
0,10.812322616577148
1,17.775798797607422
2,8.8333740234375
3,5.895417213439941
4,11.459434509277344
5,11.272546768188477
6,21.153812408447266
7,15.712575912475586
8,11.180093765258789
9,12.844085693359375
10,16.055152893066406
11,14.975948333740234
12,13.405570983886719
13,1.3042206764221191
14,12.163934707641602
