step,projection
0,-20.294530868530273
1,-19.482425689697266
2,-23.0377197265625
3,-20.352970123291016
4,-19.845565795898438
5,-19.943193435668945
6,-19.731836318969727
7,-21.190000534057617
8,-21.41241455078125
9,-19.91124153137207
10,-21.656484603881836
11,-20.73575782775879
12,-19.766828536987305
13,-21.725296020507812
14,-20.08746910095215
