step,projection
0,18.328998565673828
1,12.186176300048828
2,13.025537490844727
3,16.587615966796875
4,12.6754150390625
5,11.566343307495117
6,13.986769676208496
7,16.763652801513672
8,16.78020477294922
9,9.94726848602295
10,17.866474151611328
11,14.915802001953125
12,20.037765502929688
13,27.361066818237305
14,11.385848999023438
