step,projection
0,-18.234939575195312
1,-21.783639907836914
2,-20.946767807006836
3,-17.82671356201172
4,-20.732860565185547
5,-21.555871963500977
6,-18.824350357055664
7,-18.366655349731445
8,-17.44057846069336
9,-18.06485366821289
10,-18.27994155883789
11,-17.09469985961914
12,-15.107342720031738
13,-10.709391593933105
14,-19.398021697998047
