step,projection
0,12.478414535522461
1,13.28344440460205
2,14.466196060180664
3,12.145000457763672
4,13.029640197753906
5,15.917963981628418
6,2.3777270317077637
7,10.276681900024414
8,11.298643112182617
9,10.639817237854004
10,13.951171875
11,10.652987480163574
12,9.935378074645996
13,6.221856117248535
14,9.509614944458008
