step,projection
0,-19.716224670410156
1,-19.782028198242188
2,-18.582035064697266
3,-18.418535232543945
4,-18.14288330078125
5,-17.462940216064453
6,-23.450031280517578
7,-20.96601676940918
8,-20.772079467773438
9,-21.14902687072754
10,-14.087953567504883
11,-18.963197708129883
12,-20.475027084350586
13,-22.094018936157227
14,-20.856609344482422
