step,projection
0,-22.16355323791504
1,-21.435630798339844
2,-21.675579071044922
3,-19.557605743408203
4,-19.817359924316406
5,-17.899738311767578
6,-19.193735122680664
7,-19.769411087036133
8,-17.56648826599121
9,-19.878704071044922
10,-22.31171417236328
11,-19.829465866088867
12,-19.905115127563477
13,-17.78400230407715
14,-19.33879280090332
