step,projection
0,9.299026489257812
1,8.96690845489502
2,5.690402507781982
3,12.898567199707031
4,9.352241516113281
5,16.19003677368164
6,13.941446304321289
7,15.284683227539062
8,14.181549072265625
9,10.928125381469727
10,5.543276786804199
11,12.864541053771973
12,13.488763809204102
13,16.399564743041992
14,13.9287691116333
