step,projection
0,12.898567199707031
1,13.9287691116333
2,13.941446304321289
3,15.284683227539062
4,9.352241516113281
5,5.690402507781982
6,12.864541053771973
7,8.96690845489502
8,13.488763809204102
9,16.399564743041992
10,9.299026489257812
11,5.543276786804199
12,14.181549072265625
13,16.19003677368164
14,10.928125381469727
