step,projection
0,-19.557605743408203
1,-19.33879280090332
2,-19.193735122680664
3,-19.769411087036133
4,-19.817359924316406
5,-21.675579071044922
6,-19.829465866088867
7,-21.435630798339844
8,-19.905115127563477
9,-17.78400230407715
10,-22.16355323791504
11,-22.31171417236328
12,-17.56648826599121
13,-17.899738311767578
14,-19.878704071044922
