step,projection
0,-21.739215850830078
1,-20.9063777923584
2,-21.83559799194336
3,-21.263179779052734
4,-21.15391731262207
5,-20.089553833007812
6,-21.822233200073242
7,-21.06451416015625
8,-20.86521339416504
9,-21.28668785095215
10,-13.50517463684082
11,-21.940750122070312
12,-20.741779327392578
13,-20.80194854736328
14,-17.758159637451172
