step,projection
0,2.442293167114258
1,6.322355270385742
2,8.20477294921875
3,6.5765581130981445
4,12.478559494018555
5,12.644512176513672
6,6.628252983093262
7,6.89902925491333
8,10.783842086791992
9,8.56198501586914
10,24.734373092651367
11,8.216264724731445
12,12.121023178100586
13,7.142414569854736
14,15.466989517211914
