step,projection
0,13.951171875
1,11.298643112182617
2,13.029640197753906
3,9.509614944458008
4,6.221856117248535
5,10.652987480163574
6,10.639817237854004
7,15.917963981628418
8,14.466196060180664
9,12.478414535522461
10,9.935378074645996
11,2.3777270317077637
12,13.28344440460205
13,10.276681900024414
14,12.145000457763672
