step,projection
0,-14.087953567504883
1,-20.772079467773438
2,-18.14288330078125
3,-20.856609344482422
4,-22.094018936157227
5,-18.963197708129883
6,-21.14902687072754
7,-17.462940216064453
8,-18.582035064697266
9,-19.716224670410156
10,-20.475027084350586
11,-23.450031280517578
12,-19.782028198242188
13,-20.96601676940918
14,-18.418535232543945
