step,projection
0,-19.398021697998047
1,-18.27994155883789
2,-18.824350357055664
3,-18.06485366821289
4,-17.44057846069336
5,-18.234939575195312
6,-15.107342720031738
7,-18.366655349731445
8,-17.09469985961914
9,-17.82671356201172
10,-10.709391593933105
11,-21.783639907836914
12,-20.732860565185547
13,-21.555871963500977
14,-20.946767807006836
