step,projection
0,11.385848999023438
1,17.866474151611328
2,13.986769676208496
3,9.94726848602295
4,16.78020477294922
5,18.328998565673828
6,20.037765502929688
7,16.763652801513672
8,14.915802001953125
9,16.587615966796875
10,27.361066818237305
11,12.186176300048828
12,12.6754150390625
13,11.566343307495117
14,13.025537490844727
