step,projection
0,10.806819915771484
1,26.264137268066406
2,21.130550384521484
3,20.586994171142578
4,21.545175552368164
5,2.5150556564331055
6,-9.123368263244629
7,16.91317367553711
8,10.704301834106445
9,9.608219146728516
10,-12.11194133758545
11,16.656333923339844
12,-2.8823742866516113
13,13.390560150146484
14,17.8330020904541
