step,projection
0,-21.174755096435547
1,-11.438333511352539
2,-15.461470603942871
3,-15.79523754119873
4,-14.995436668395996
5,-24.514751434326172
6,-28.359699249267578
7,-16.685949325561523
8,-21.830224990844727
9,-19.638025283813477
10,-29.374773025512695
11,-18.54048728942871
12,-23.63200569152832
13,-19.96129035949707
14,-19.209314346313477
