step,projection
0,-19.193735122680664
1,-19.817359924316406
2,-19.557605743408203
3,-19.769411087036133
4,-22.31171417236328
5,-19.905115127563477
6,-17.899738311767578
7,-21.675579071044922
8,-17.78400230407715
9,-19.878704071044922
10,-22.16355323791504
11,-19.33879280090332
12,-19.829465866088867
13,-21.435630798339844
14,-17.56648826599121
