step,projection
0,13.941446304321289
1,9.352241516113281
2,12.898567199707031
3,15.284683227539062
4,5.543276786804199
5,13.488763809204102
6,16.19003677368164
7,5.690402507781982
8,16.399564743041992
9,10.928125381469727
10,9.299026489257812
11,13.9287691116333
12,12.864541053771973
13,8.96690845489502
14,14.181549072265625
