step,projection
0,-13.50517463684082
1,-21.83559799194336
2,-21.822233200073242
3,-20.86521339416504
4,-21.06451416015625
5,-21.739215850830078
6,-21.263179779052734
7,-17.758159637451172
8,-21.15391731262207
9,-21.940750122070312
10,-20.089553833007812
11,-21.28668785095215
12,-20.9063777923584
13,-20.80194854736328
14,-20.741779327392578
