step,projection
0,24.734373092651367
1,8.20477294921875
2,6.628252983093262
3,10.783842086791992
4,6.89902925491333
5,2.442293167114258
6,6.5765581130981445
7,15.466989517211914
8,12.478559494018555
9,8.216264724731445
10,12.644512176513672
11,8.56198501586914
12,6.322355270385742
13,7.142414569854736
14,12.121023178100586
