step,projection
0,15.917963981628418
1,13.951171875
2,6.221856117248535
3,13.28344440460205
4,9.935378074645996
5,11.298643112182617
6,9.509614944458008
7,13.029640197753906
8,14.466196060180664
9,10.652987480163574
10,2.3777270317077637
11,10.639817237854004
12,12.478414535522461
13,12.145000457763672
14,10.276681900024414
