step,projection
0,-17.462940216064453
1,-14.087953567504883
2,-22.094018936157227
3,-19.782028198242188
4,-20.475027084350586
5,-20.772079467773438
6,-20.856609344482422
7,-18.14288330078125
8,-18.582035064697266
9,-18.963197708129883
10,-23.450031280517578
11,-21.14902687072754
12,-19.716224670410156
13,-18.418535232543945
14,-20.96601676940918
