step,projection
0,17.775798797607422
1,11.180093765258789
2,12.844085693359375
3,16.055152893066406
4,10.812322616577148
5,11.459434509277344
6,5.895417213439941
7,8.8333740234375
8,13.405570983886719
9,14.975948333740234
10,11.272546768188477
11,1.3042206764221191
12,15.712575912475586
13,21.153812408447266
14,12.163934707641602
