step,projection
0,-16.908172607421875
1,-18.589540481567383
2,-18.878314971923828
3,-18.555578231811523
4,-20.112985610961914
5,-21.11107635498047
6,-20.627742767333984
7,-20.387313842773438
8,-21.435514450073242
9,-19.71793556213379
10,-21.560712814331055
11,-19.405353546142578
12,-20.26531982421875
13,-16.366975784301758
14,-19.73902130126953
