step,projection
0,6.5765581130981445
1,2.442293167114258
2,6.89902925491333
3,7.142414569854736
4,24.734373092651367
5,12.121023178100586
6,10.783842086791992
7,8.20477294921875
8,6.322355270385742
9,12.478559494018555
10,15.466989517211914
11,8.56198501586914
12,8.216264724731445
13,6.628252983093262
14,12.644512176513672
