step,projection
0,-21.263179779052734
1,-21.739215850830078
2,-21.06451416015625
3,-20.80194854736328
4,-13.50517463684082
5,-20.741779327392578
6,-20.86521339416504
7,-21.83559799194336
8,-20.9063777923584
9,-21.15391731262207
10,-17.758159637451172
11,-21.28668785095215
12,-21.940750122070312
13,-21.822233200073242
14,-20.089553833007812
