step,projection
0,-19.405353546142578
1,-20.627742767333984
2,-19.71793556213379
3,-20.26531982421875
4,-18.555578231811523
5,-16.908172607421875
6,-21.11107635498047
7,-21.435514450073242
8,-20.387313842773438
9,-18.878314971923828
10,-21.560712814331055
11,-18.589540481567383
12,-16.366975784301758
13,-19.73902130126953
14,-20.112985610961914
