step,projection
0,1.3042206764221191
1,5.895417213439941
2,14.975948333740234
3,15.712575912475586
4,16.055152893066406
5,17.775798797607422
6,11.459434509277344
7,13.405570983886719
8,8.8333740234375
9,12.844085693359375
10,11.272546768188477
11,11.180093765258789
12,21.153812408447266
13,12.163934707641602
14,10.812322616577148
