step,projection
0,8.20477294921875
1,6.5765581130981445
2,6.89902925491333
3,2.442293167114258
4,15.466989517211914
5,6.322355270385742
6,8.56198501586914
7,10.783842086791992
8,6.628252983093262
9,12.478559494018555
10,8.216264724731445
11,12.121023178100586
12,7.142414569854736
13,24.734373092651367
14,12.644512176513672
