step,projection
0,-21.83559799194336
1,-21.263179779052734
2,-21.06451416015625
3,-21.739215850830078
4,-17.758159637451172
5,-20.9063777923584
6,-21.28668785095215
7,-20.86521339416504
8,-21.822233200073242
9,-21.15391731262207
10,-21.940750122070312
11,-20.741779327392578
12,-20.80194854736328
13,-13.50517463684082
14,-20.089553833007812
