step,projection
0,-19.541934967041016
1,-20.347026824951172
2,-19.390226364135742
3,-21.656484603881836
4,-19.963558197021484
5,-19.766828536987305
6,-21.08647918701172
7,-21.41241455078125
8,-19.75135040283203
9,-20.352970123291016
10,-19.387792587280273
11,-19.404685974121094
12,-20.15163230895996
13,-19.358787536621094
14,-23.0377197265625
