step,projection
0,-11.438333511352539
1,-18.54048728942871
2,-15.461470603942871
3,-24.514751434326172
4,-21.174755096435547
5,-29.374773025512695
6,-16.685949325561523
7,-21.830224990844727
8,-19.96129035949707
9,-23.63200569152832
10,-15.79523754119873
11,-14.995436668395996
12,-28.359699249267578
13,-19.638025283813477
14,-19.209314346313477
