step,projection
0,26.264137268066406
1,16.656333923339844
2,21.130550384521484
3,2.5150556564331055
4,10.806819915771484
5,-12.11194133758545
6,16.91317367553711
7,10.704301834106445
8,13.390560150146484
9,-2.8823742866516113
10,20.586994171142578
11,21.545175552368164
12,-9.123368263244629
13,9.608219146728516
14,17.8330020904541
