step,projection
0,-21.83559799194336
1,-21.263179779052734
2,-13.50517463684082
3,-21.28668785095215
4,-20.741779327392578
5,-20.9063777923584
6,-20.86521339416504
7,-21.822233200073242
8,-21.15391731262207
9,-21.739215850830078
10,-20.089553833007812
11,-17.758159637451172
12,-21.940750122070312
13,-21.06451416015625
14,-20.80194854736328
