step,projection
0,8.20477294921875
1,6.5765581130981445
2,24.734373092651367
3,8.56198501586914
4,12.121023178100586
5,6.322355270385742
6,10.783842086791992
7,6.628252983093262
8,12.478559494018555
9,2.442293167114258
10,12.644512176513672
11,15.466989517211914
12,8.216264724731445
13,6.89902925491333
14,7.142414569854736
