step,projection
0,-22.84645652770996
1,-21.67338752746582
2,-21.191852569580078
3,-21.274938583374023
4,-20.494056701660156
5,-21.27585220336914
6,-22.214859008789062
7,-22.27181625366211
8,-21.057735443115234
9,-22.160417556762695
10,-23.854801177978516
11,-21.90413475036621
12,-21.762826919555664
13,-21.45722770690918
14,-21.732114791870117
