step,projection
0,-9.123368263244629
1,17.8330020904541
2,-2.8823742866516113
3,26.264137268066406
4,16.656333923339844
5,13.390560150146484
6,9.608219146728516
7,10.806819915771484
8,16.91317367553711
9,21.545175552368164
10,2.5150556564331055
11,-12.11194133758545
12,10.704301834106445
13,20.586994171142578
14,21.130550384521484
