step,projection
0,-28.359699249267578
1,-19.209314346313477
2,-23.63200569152832
3,-11.438333511352539
4,-18.54048728942871
5,-19.96129035949707
6,-19.638025283813477
7,-21.174755096435547
8,-16.685949325561523
9,-14.995436668395996
10,-24.514751434326172
11,-29.374773025512695
12,-21.830224990844727
13,-15.79523754119873
14,-15.461470603942871
