step,projection
0,-17.82671356201172
1,-18.234939575195312
2,-17.44057846069336
3,-18.06485366821289
4,-18.366655349731445
5,-18.27994155883789
6,-15.107342720031738
7,-21.783639907836914
8,-20.732860565185547
9,-18.824350357055664
10,-17.09469985961914
11,-10.709391593933105
12,-21.555871963500977
13,-20.946767807006836
14,-19.398021697998047
