step,projection
0,16.587615966796875
1,18.328998565673828
2,16.78020477294922
3,9.94726848602295
4,16.763652801513672
5,17.866474151611328
6,20.037765502929688
7,12.186176300048828
8,12.6754150390625
9,13.986769676208496
10,14.915802001953125
11,27.361066818237305
12,11.566343307495117
13,13.025537490844727
14,11.385848999023438
