step,projection
0,-22.158802032470703
1,-22.13046646118164
2,-22.84645652770996
3,-22.494043350219727
4,-23.854801177978516
5,-23.275197982788086
6,-21.64410972595215
7,-22.216636657714844
8,-21.469135284423828
9,-21.27585220336914
10,-21.191852569580078
11,-21.243263244628906
12,-22.27181625366211
13,-21.900344848632812
14,-22.598186492919922
