step,projection
0,-22.31171417236328
1,-19.193735122680664
2,-17.56648826599121
3,-22.16355323791504
4,-19.557605743408203
5,-19.829465866088867
6,-19.905115127563477
7,-19.878704071044922
8,-19.33879280090332
9,-17.899738311767578
10,-19.817359924316406
11,-19.769411087036133
12,-21.435630798339844
13,-17.78400230407715
14,-21.675579071044922
