step,projection
0,5.543276786804199
1,13.941446304321289
2,14.181549072265625
3,9.299026489257812
4,12.898567199707031
5,12.864541053771973
6,13.488763809204102
7,10.928125381469727
8,13.9287691116333
9,16.19003677368164
10,9.352241516113281
11,15.284683227539062
12,8.96690845489502
13,16.399564743041992
14,5.690402507781982
