step,projection
0,14.181549072265625
1,12.864541053771973
2,16.19003677368164
3,10.928125381469727
4,12.898567199707031
5,13.941446304321289
6,13.488763809204102
7,15.284683227539062
8,13.9287691116333
9,9.352241516113281
10,16.399564743041992
11,8.96690845489502
12,9.299026489257812
13,5.690402507781982
14,5.543276786804199
