step,projection
0,-17.56648826599121
1,-19.829465866088867
2,-17.899738311767578
3,-19.878704071044922
4,-19.557605743408203
5,-19.193735122680664
6,-19.905115127563477
7,-19.769411087036133
8,-19.33879280090332
9,-19.817359924316406
10,-17.78400230407715
11,-21.435630798339844
12,-22.16355323791504
13,-21.675579071044922
14,-22.31171417236328
