step,projection
0,16.91317367553711
1,2.5150556564331055
2,-2.8823742866516113
3,-12.11194133758545
4,-9.123368263244629
5,10.704301834106445
6,10.806819915771484
7,16.656333923339844
8,20.586994171142578
9,13.390560150146484
10,17.8330020904541
11,9.608219146728516
12,26.264137268066406
13,21.130550384521484
14,21.545175552368164
