step,projection
0,-16.685949325561523
1,-24.514751434326172
2,-23.63200569152832
3,-29.374773025512695
4,-28.359699249267578
5,-21.830224990844727
6,-21.174755096435547
7,-18.54048728942871
8,-15.79523754119873
9,-19.96129035949707
10,-19.209314346313477
11,-19.638025283813477
12,-11.438333511352539
13,-15.461470603942871
14,-14.995436668395996
