step,projection
0,15.712575912475586
1,12.163934707641602
2,17.775798797607422
3,12.844085693359375
4,14.975948333740234
5,21.153812408447266
6,13.405570983886719
7,1.3042206764221191
8,11.272546768188477
9,8.8333740234375
10,11.459434509277344
11,10.812322616577148
12,11.180093765258789
13,16.055152893066406
14,5.895417213439941
