step,projection
0,-20.26531982421875
1,-19.73902130126953
2,-16.908172607421875
3,-18.878314971923828
4,-19.71793556213379
5,-16.366975784301758
6,-21.435514450073242
7,-19.405353546142578
8,-21.560712814331055
9,-20.387313842773438
10,-21.11107635498047
11,-20.112985610961914
12,-18.589540481567383
13,-18.555578231811523
14,-20.627742767333984
