step,projection
0,-23.63200569152832
1,-19.209314346313477
2,-19.96129035949707
3,-21.174755096435547
4,-15.79523754119873
5,-24.514751434326172
6,-19.638025283813477
7,-28.359699249267578
8,-29.374773025512695
9,-18.54048728942871
10,-16.685949325561523
11,-15.461470603942871
12,-21.830224990844727
13,-14.995436668395996
14,-11.438333511352539
