step,projection
0,-2.8823742866516113
1,17.8330020904541
2,13.390560150146484
3,10.806819915771484
4,20.586994171142578
5,2.5150556564331055
6,9.608219146728516
7,-9.123368263244629
8,-12.11194133758545
9,16.656333923339844
10,16.91317367553711
11,21.130550384521484
12,10.704301834106445
13,21.545175552368164
14,26.264137268066406
